scenario,mean_cumulative_risk,std_cumulative_risk,pct_reduction_vs_no_intervention
No Intervention,42.942093411423166,61.64928416350113,0.0
Early,30.077107017614676,53.19104804114388,29.95891763019227
Standard,32.4502149442757,55.95490111495277,24.43261991590863
Late,35.30804500643909,58.48786007440452,17.777541331865578
PAR,0.4982292385996679,0.3126917812208156,
