scenario,mean_cumulative_risk,std_cumulative_risk,pct_reduction_vs_no_intervention
No Intervention,48.30078146957137,58.6849425122894,0.0
Early,33.956490031668025,49.27260168767367,29.69784546227268
Standard,36.77689682836785,52.03104070577263,23.858588392536376
Late,40.297609026183075,54.85259220836203,16.569447118428403
PAR,0.4922155178949126,0.2831379786224318,
