scenario,mean_cumulative_risk,std_cumulative_risk,pct_reduction_vs_no_intervention
No Intervention,47.640492422314615,58.7632591550253,0.0
Early,33.42045665082374,49.45171645194768,29.848633060791517
Standard,36.19032878418584,52.17783548575802,24.034519913496037
Late,39.67511680269461,54.965764755567996,16.719759210316337
PAR,0.4954332729027667,0.2831904138304779,
