scenario,mean_cumulative_risk,std_cumulative_risk,pct_reduction_vs_no_intervention
No Intervention,42.942093411423166,60.40371568336856,0.0
Early,30.077107017614676,52.116370633867675,29.95891763019227
Standard,32.4502149442757,54.824382535809534,24.43261991590863
Late,35.30804500643909,57.30616533183666,17.777541331865578
